Model,AUC-ROC,F1,Precision,Recall,Accuracy,TP,FP,FN,TN
Logistic Regression,0.840954300033584,0.6122026887280249,0.4991568296795953,0.7914438502673797,0.7338537970191625,296,297,78,738
Random Forest,0.8442326074039629,0.6426076833527358,0.5690721649484536,0.7379679144385026,0.7821149751596878,276,209,98,826
XGBoost (tuned),0.8470032808907488,0.6240837696335079,0.5129087779690189,0.7967914438502673,0.7452093683463449,298,283,76,752
