Model,AUC-ROC,Accuracy,Precision,Recall,F1
Logistic Regression,0.840954300033584,0.7338537970191625,0.4991568296795953,0.7914438502673797,0.6122026887280249
Random Forest,0.8442326074039629,0.7821149751596878,0.5690721649484536,0.7379679144385026,0.6426076833527358
